{
	"Version": 3,
	"Meta": {
		"PhysicsSettingCount": 8,
		"TotalInputCount": 18,
		"TotalOutputCount": 54,
		"VertexCount": 40,
		"EffectiveForces": {
			"Gravity": {
				"X": 0,
				"Y": -1
			},
			"Wind": {
				"X": 0,
				"Y": 0
			}
		},
		"PhysicsDictionary": [
			{
				"Id": "PhysicsSetting1",
				"Name": "身体X"
			},
			{
				"Id": "PhysicsSetting2",
				"Name": "身体Y"
			},
			{
				"Id": "PhysicsSetting3",
				"Name": "身体Z"
			},
			{
				"Id": "PhysicsSetting4",
				"Name": "高光"
			},
			{
				"Id": "PhysicsSetting5",
				"Name": "前发"
			},
			{
				"Id": "PhysicsSetting6",
				"Name": "麻花"
			},
			{
				"Id": "PhysicsSetting7",
				"Name": "后发"
			},
			{
				"Id": "PhysicsSetting8",
				"Name": "徽章"
			}
		]
	},
	"PhysicsSettings": [
		{
			"Id": "PhysicsSetting1",
			"Input": [
				{
					"Source": {
						"Target": "Parameter",
						"Id": "ParamAngleX"
					},
					"Weight": 100,
					"Type": "Angle",
					"Reflect": false
				}
			],
			"Output": [
				{
					"Destination": {
						"Target": "Parameter",
						"Id": "ParamBodyAngleX"
					},
					"VertexIndex": 1,
					"Scale": 40,
					"Weight": 100,
					"Type": "Angle",
					"Reflect": false
				}
			],
			"Vertices": [
				{
					"Position": {
						"X": 0,
						"Y": 0
					},
					"Mobility": 1,
					"Delay": 1,
					"Acceleration": 1,
					"Radius": 0
				},
				{
					"Position": {
						"X": 0,
						"Y": 12
					},
					"Mobility": 0.85,
					"Delay": 0.9,
					"Acceleration": 0.85,
					"Radius": 12
				}
			],
			"Normalization": {
				"Position": {
					"Minimum": -10,
					"Default": 0,
					"Maximum": 10
				},
				"Angle": {
					"Minimum": -10,
					"Default": 0,
					"Maximum": 10
				}
			}
		},
		{
			"Id": "PhysicsSetting2",
			"Input": [
				{
					"Source": {
						"Target": "Parameter",
						"Id": "ParamAngleY"
					},
					"Weight": 100,
					"Type": "Angle",
					"Reflect": false
				}
			],
			"Output": [
				{
					"Destination": {
						"Target": "Parameter",
						"Id": "ParamBodyAngleY"
					},
					"VertexIndex": 1,
					"Scale": 40,
					"Weight": 100,
					"Type": "Angle",
					"Reflect": false
				}
			],
			"Vertices": [
				{
					"Position": {
						"X": 0,
						"Y": 0
					},
					"Mobility": 1,
					"Delay": 1,
					"Acceleration": 1,
					"Radius": 0
				},
				{
					"Position": {
						"X": 0,
						"Y": 12
					},
					"Mobility": 0.85,
					"Delay": 0.9,
					"Acceleration": 0.9,
					"Radius": 12
				}
			],
			"Normalization": {
				"Position": {
					"Minimum": -10,
					"Default": 0,
					"Maximum": 10
				},
				"Angle": {
					"Minimum": -10,
					"Default": 0,
					"Maximum": 10
				}
			}
		},
		{
			"Id": "PhysicsSetting3",
			"Input": [
				{
					"Source": {
						"Target": "Parameter",
						"Id": "ParamAngleZ"
					},
					"Weight": 100,
					"Type": "Angle",
					"Reflect": false
				}
			],
			"Output": [
				{
					"Destination": {
						"Target": "Parameter",
						"Id": "ParamBodyAngleZ"
					},
					"VertexIndex": 1,
					"Scale": 20,
					"Weight": 100,
					"Type": "Angle",
					"Reflect": false
				}
			],
			"Vertices": [
				{
					"Position": {
						"X": 0,
						"Y": 0
					},
					"Mobility": 1,
					"Delay": 1,
					"Acceleration": 1,
					"Radius": 0
				},
				{
					"Position": {
						"X": 0,
						"Y": 12
					},
					"Mobility": 0.85,
					"Delay": 0.9,
					"Acceleration": 1.5,
					"Radius": 12
				}
			],
			"Normalization": {
				"Position": {
					"Minimum": -10,
					"Default": 0,
					"Maximum": 10
				},
				"Angle": {
					"Minimum": -10,
					"Default": 0,
					"Maximum": 10
				}
			}
		},
		{
			"Id": "PhysicsSetting4",
			"Input": [
				{
					"Source": {
						"Target": "Parameter",
						"Id": "ParamEyeLOpen"
					},
					"Weight": 100,
					"Type": "Angle",
					"Reflect": false
				}
			],
			"Output": [
				{
					"Destination": {
						"Target": "Parameter",
						"Id": "Param8"
					},
					"VertexIndex": 1,
					"Scale": 80,
					"Weight": 100,
					"Type": "Angle",
					"Reflect": false
				},
				{
					"Destination": {
						"Target": "Parameter",
						"Id": "Param9"
					},
					"VertexIndex": 1,
					"Scale": 80,
					"Weight": 100,
					"Type": "Angle",
					"Reflect": false
				}
			],
			"Vertices": [
				{
					"Position": {
						"X": 0,
						"Y": 0
					},
					"Mobility": 1,
					"Delay": 1,
					"Acceleration": 1,
					"Radius": 0
				},
				{
					"Position": {
						"X": 0,
						"Y": 8
					},
					"Mobility": 0.95,
					"Delay": 0.9,
					"Acceleration": 1,
					"Radius": 8
				},
				{
					"Position": {
						"X": 0,
						"Y": 16
					},
					"Mobility": 0.95,
					"Delay": 0.9,
					"Acceleration": 1,
					"Radius": 8
				}
			],
			"Normalization": {
				"Position": {
					"Minimum": -10,
					"Default": 0,
					"Maximum": 10
				},
				"Angle": {
					"Minimum": -10,
					"Default": 0,
					"Maximum": 10
				}
			}
		},
		{
			"Id": "PhysicsSetting5",
			"Input": [
				{
					"Source": {
						"Target": "Parameter",
						"Id": "ParamAngleX"
					},
					"Weight": 60,
					"Type": "X",
					"Reflect": false
				},
				{
					"Source": {
						"Target": "Parameter",
						"Id": "ParamAngleZ"
					},
					"Weight": 60,
					"Type": "Angle",
					"Reflect": false
				},
				{
					"Source": {
						"Target": "Parameter",
						"Id": "ParamBreath"
					},
					"Weight": 25,
					"Type": "X",
					"Reflect": false
				}
			],
			"Output": [
				{
					"Destination": {
						"Target": "Parameter",
						"Id": "Param10"
					},
					"VertexIndex": 1,
					"Scale": 35,
					"Weight": 100,
					"Type": "Angle",
					"Reflect": false
				},
				{
					"Destination": {
						"Target": "Parameter",
						"Id": "Param11"
					},
					"VertexIndex": 2,
					"Scale": 35,
					"Weight": 100,
					"Type": "Angle",
					"Reflect": false
				}
			],
			"Vertices": [
				{
					"Position": {
						"X": 0,
						"Y": 0
					},
					"Mobility": 1,
					"Delay": 0.85,
					"Acceleration": 0.85,
					"Radius": 10
				},
				{
					"Position": {
						"X": 0,
						"Y": 10
					},
					"Mobility": 0.95,
					"Delay": 0.85,
					"Acceleration": 0.85,
					"Radius": 10
				},
				{
					"Position": {
						"X": 0,
						"Y": 20
					},
					"Mobility": 0.95,
					"Delay": 0.85,
					"Acceleration": 0.85,
					"Radius": 10
				}
			],
			"Normalization": {
				"Position": {
					"Minimum": -10,
					"Default": 0,
					"Maximum": 10
				},
				"Angle": {
					"Minimum": -10,
					"Default": 0,
					"Maximum": 10
				}
			}
		},
		{
			"Id": "PhysicsSetting6",
			"Input": [
				{
					"Source": {
						"Target": "Parameter",
						"Id": "ParamAngleX"
					},
					"Weight": 60,
					"Type": "X",
					"Reflect": false
				},
				{
					"Source": {
						"Target": "Parameter",
						"Id": "ParamAngleZ"
					},
					"Weight": 60,
					"Type": "Angle",
					"Reflect": false
				},
				{
					"Source": {
						"Target": "Parameter",
						"Id": "ParamAngleY"
					},
					"Weight": 15,
					"Type": "Angle",
					"Reflect": false
				},
				{
					"Source": {
						"Target": "Parameter",
						"Id": "ParamBreath"
					},
					"Weight": 15,
					"Type": "Angle",
					"Reflect": false
				}
			],
			"Output": [
				{
					"Destination": {
						"Target": "Parameter",
						"Id": "Param_Angle_Rotation_1_ArtMesh8"
					},
					"VertexIndex": 1,
					"Scale": 20,
					"Weight": 100,
					"Type": "Angle",
					"Reflect": false
				},
				{
					"Destination": {
						"Target": "Parameter",
						"Id": "Param_Angle_Rotation_2_ArtMesh8"
					},
					"VertexIndex": 2,
					"Scale": 20,
					"Weight": 100,
					"Type": "Angle",
					"Reflect": false
				},
				{
					"Destination": {
						"Target": "Parameter",
						"Id": "Param_Angle_Rotation_3_ArtMesh8"
					},
					"VertexIndex": 3,
					"Scale": 20,
					"Weight": 100,
					"Type": "Angle",
					"Reflect": false
				},
				{
					"Destination": {
						"Target": "Parameter",
						"Id": "Param_Angle_Rotation_4_ArtMesh8"
					},
					"VertexIndex": 4,
					"Scale": 20,
					"Weight": 100,
					"Type": "Angle",
					"Reflect": false
				},
				{
					"Destination": {
						"Target": "Parameter",
						"Id": "Param_Angle_Rotation_5_ArtMesh8"
					},
					"VertexIndex": 5,
					"Scale": 20,
					"Weight": 100,
					"Type": "Angle",
					"Reflect": false
				},
				{
					"Destination": {
						"Target": "Parameter",
						"Id": "Param_Angle_Rotation_6_ArtMesh8"
					},
					"VertexIndex": 6,
					"Scale": 20,
					"Weight": 100,
					"Type": "Angle",
					"Reflect": false
				},
				{
					"Destination": {
						"Target": "Parameter",
						"Id": "Param_Angle_Rotation_7_ArtMesh8"
					},
					"VertexIndex": 7,
					"Scale": 20,
					"Weight": 100,
					"Type": "Angle",
					"Reflect": false
				},
				{
					"Destination": {
						"Target": "Parameter",
						"Id": "Param_Angle_Rotation_8_ArtMesh8"
					},
					"VertexIndex": 8,
					"Scale": 20,
					"Weight": 100,
					"Type": "Angle",
					"Reflect": false
				},
				{
					"Destination": {
						"Target": "Parameter",
						"Id": "Param_Angle_Rotation_9_ArtMesh8"
					},
					"VertexIndex": 9,
					"Scale": 20,
					"Weight": 100,
					"Type": "Angle",
					"Reflect": false
				},
				{
					"Destination": {
						"Target": "Parameter",
						"Id": "Param_Angle_Rotation_1_ArtMesh9"
					},
					"VertexIndex": 1,
					"Scale": 20,
					"Weight": 100,
					"Type": "Angle",
					"Reflect": false
				},
				{
					"Destination": {
						"Target": "Parameter",
						"Id": "Param_Angle_Rotation_2_ArtMesh9"
					},
					"VertexIndex": 1,
					"Scale": 20,
					"Weight": 100,
					"Type": "Angle",
					"Reflect": false
				},
				{
					"Destination": {
						"Target": "Parameter",
						"Id": "Param_Angle_Rotation_3_ArtMesh9"
					},
					"VertexIndex": 2,
					"Scale": 20,
					"Weight": 100,
					"Type": "Angle",
					"Reflect": false
				},
				{
					"Destination": {
						"Target": "Parameter",
						"Id": "Param_Angle_Rotation_4_ArtMesh9"
					},
					"VertexIndex": 3,
					"Scale": 20,
					"Weight": 100,
					"Type": "Angle",
					"Reflect": false
				},
				{
					"Destination": {
						"Target": "Parameter",
						"Id": "Param_Angle_Rotation_5_ArtMesh9"
					},
					"VertexIndex": 3,
					"Scale": 20,
					"Weight": 100,
					"Type": "Angle",
					"Reflect": false
				},
				{
					"Destination": {
						"Target": "Parameter",
						"Id": "Param_Angle_Rotation_6_ArtMesh9"
					},
					"VertexIndex": 3,
					"Scale": 20,
					"Weight": 100,
					"Type": "Angle",
					"Reflect": false
				},
				{
					"Destination": {
						"Target": "Parameter",
						"Id": "Param_Angle_Rotation_7_ArtMesh9"
					},
					"VertexIndex": 4,
					"Scale": 20,
					"Weight": 100,
					"Type": "Angle",
					"Reflect": false
				},
				{
					"Destination": {
						"Target": "Parameter",
						"Id": "Param_Angle_Rotation_8_ArtMesh9"
					},
					"VertexIndex": 5,
					"Scale": 20,
					"Weight": 100,
					"Type": "Angle",
					"Reflect": false
				},
				{
					"Destination": {
						"Target": "Parameter",
						"Id": "Param_Angle_Rotation_9_ArtMesh9"
					},
					"VertexIndex": 6,
					"Scale": 20,
					"Weight": 100,
					"Type": "Angle",
					"Reflect": false
				},
				{
					"Destination": {
						"Target": "Parameter",
						"Id": "Param_Angle_Rotation_10_ArtMesh9"
					},
					"VertexIndex": 7,
					"Scale": 20,
					"Weight": 100,
					"Type": "Angle",
					"Reflect": false
				},
				{
					"Destination": {
						"Target": "Parameter",
						"Id": "Param_Angle_Rotation_11_ArtMesh9"
					},
					"VertexIndex": 8,
					"Scale": 20,
					"Weight": 100,
					"Type": "Angle",
					"Reflect": false
				},
				{
					"Destination": {
						"Target": "Parameter",
						"Id": "Param_Angle_Rotation_12_ArtMesh9"
					},
					"VertexIndex": 9,
					"Scale": 20,
					"Weight": 100,
					"Type": "Angle",
					"Reflect": false
				},
				{
					"Destination": {
						"Target": "Parameter",
						"Id": "Param_Angle_Rotation_13_ArtMesh9"
					},
					"VertexIndex": 10,
					"Scale": 20,
					"Weight": 100,
					"Type": "Angle",
					"Reflect": false
				}
			],
			"Vertices": [
				{
					"Position": {
						"X": 0,
						"Y": 0
					},
					"Mobility": 0.9,
					"Delay": 0.85,
					"Acceleration": 0.85,
					"Radius": 0
				},
				{
					"Position": {
						"X": 0,
						"Y": 10
					},
					"Mobility": 0.9,
					"Delay": 0.85,
					"Acceleration": 0.85,
					"Radius": 10
				},
				{
					"Position": {
						"X": 0,
						"Y": 20
					},
					"Mobility": 0.9,
					"Delay": 0.85,
					"Acceleration": 0.85,
					"Radius": 10
				},
				{
					"Position": {
						"X": 0,
						"Y": 30
					},
					"Mobility": 0.9,
					"Delay": 0.85,
					"Acceleration": 0.85,
					"Radius": 10
				},
				{
					"Position": {
						"X": 0,
						"Y": 40
					},
					"Mobility": 0.9,
					"Delay": 0.85,
					"Acceleration": 0.85,
					"Radius": 10
				},
				{
					"Position": {
						"X": 0,
						"Y": 50
					},
					"Mobility": 0.9,
					"Delay": 0.85,
					"Acceleration": 0.85,
					"Radius": 10
				},
				{
					"Position": {
						"X": 0,
						"Y": 60
					},
					"Mobility": 0.9,
					"Delay": 0.85,
					"Acceleration": 0.85,
					"Radius": 10
				},
				{
					"Position": {
						"X": 0,
						"Y": 70
					},
					"Mobility": 0.9,
					"Delay": 0.85,
					"Acceleration": 0.85,
					"Radius": 10
				},
				{
					"Position": {
						"X": 0,
						"Y": 80
					},
					"Mobility": 0.9,
					"Delay": 0.85,
					"Acceleration": 0.85,
					"Radius": 10
				},
				{
					"Position": {
						"X": 0,
						"Y": 90
					},
					"Mobility": 0.9,
					"Delay": 0.85,
					"Acceleration": 0.85,
					"Radius": 10
				},
				{
					"Position": {
						"X": 0,
						"Y": 97
					},
					"Mobility": 0.5,
					"Delay": 0.85,
					"Acceleration": 0.85,
					"Radius": 7
				}
			],
			"Normalization": {
				"Position": {
					"Minimum": -10,
					"Default": 0,
					"Maximum": 10
				},
				"Angle": {
					"Minimum": -10,
					"Default": 0,
					"Maximum": 10
				}
			}
		},
		{
			"Id": "PhysicsSetting7",
			"Input": [
				{
					"Source": {
						"Target": "Parameter",
						"Id": "ParamAngleX"
					},
					"Weight": 60,
					"Type": "X",
					"Reflect": false
				},
				{
					"Source": {
						"Target": "Parameter",
						"Id": "ParamAngleZ"
					},
					"Weight": 60,
					"Type": "Angle",
					"Reflect": false
				},
				{
					"Source": {
						"Target": "Parameter",
						"Id": "ParamAngleY"
					},
					"Weight": 15,
					"Type": "Angle",
					"Reflect": false
				},
				{
					"Source": {
						"Target": "Parameter",
						"Id": "ParamBreath"
					},
					"Weight": 15,
					"Type": "Angle",
					"Reflect": false
				}
			],
			"Output": [
				{
					"Destination": {
						"Target": "Parameter",
						"Id": "Param_Angle_Rotation_1_ArtMesh55"
					},
					"VertexIndex": 1,
					"Scale": 30,
					"Weight": 100,
					"Type": "Angle",
					"Reflect": false
				},
				{
					"Destination": {
						"Target": "Parameter",
						"Id": "Param_Angle_Rotation_2_ArtMesh55"
					},
					"VertexIndex": 2,
					"Scale": 30,
					"Weight": 100,
					"Type": "Angle",
					"Reflect": false
				},
				{
					"Destination": {
						"Target": "Parameter",
						"Id": "Param_Angle_Rotation_3_ArtMesh55"
					},
					"VertexIndex": 3,
					"Scale": 30,
					"Weight": 100,
					"Type": "Angle",
					"Reflect": false
				},
				{
					"Destination": {
						"Target": "Parameter",
						"Id": "Param_Angle_Rotation_4_ArtMesh55"
					},
					"VertexIndex": 4,
					"Scale": 30,
					"Weight": 100,
					"Type": "Angle",
					"Reflect": false
				},
				{
					"Destination": {
						"Target": "Parameter",
						"Id": "Param_Angle_Rotation_5_ArtMesh55"
					},
					"VertexIndex": 5,
					"Scale": 30,
					"Weight": 100,
					"Type": "Angle",
					"Reflect": false
				},
				{
					"Destination": {
						"Target": "Parameter",
						"Id": "Param_Angle_Rotation_6_ArtMesh55"
					},
					"VertexIndex": 6,
					"Scale": 30,
					"Weight": 100,
					"Type": "Angle",
					"Reflect": false
				},
				{
					"Destination": {
						"Target": "Parameter",
						"Id": "Param_Angle_Rotation_7_ArtMesh55"
					},
					"VertexIndex": 7,
					"Scale": 30,
					"Weight": 100,
					"Type": "Angle",
					"Reflect": false
				},
				{
					"Destination": {
						"Target": "Parameter",
						"Id": "Param_Angle_Rotation_8_ArtMesh55"
					},
					"VertexIndex": 8,
					"Scale": 30,
					"Weight": 100,
					"Type": "Angle",
					"Reflect": false
				},
				{
					"Destination": {
						"Target": "Parameter",
						"Id": "Param_Angle_Rotation_9_ArtMesh55"
					},
					"VertexIndex": 9,
					"Scale": 30,
					"Weight": 100,
					"Type": "Angle",
					"Reflect": false
				},
				{
					"Destination": {
						"Target": "Parameter",
						"Id": "Param_Angle_Rotation_1_ArtMesh56"
					},
					"VertexIndex": 1,
					"Scale": 30,
					"Weight": 100,
					"Type": "Angle",
					"Reflect": false
				},
				{
					"Destination": {
						"Target": "Parameter",
						"Id": "Param_Angle_Rotation_2_ArtMesh56"
					},
					"VertexIndex": 2,
					"Scale": 30,
					"Weight": 100,
					"Type": "Angle",
					"Reflect": false
				},
				{
					"Destination": {
						"Target": "Parameter",
						"Id": "Param_Angle_Rotation_3_ArtMesh56"
					},
					"VertexIndex": 3,
					"Scale": 30,
					"Weight": 100,
					"Type": "Angle",
					"Reflect": false
				},
				{
					"Destination": {
						"Target": "Parameter",
						"Id": "Param_Angle_Rotation_4_ArtMesh56"
					},
					"VertexIndex": 4,
					"Scale": 30,
					"Weight": 100,
					"Type": "Angle",
					"Reflect": false
				},
				{
					"Destination": {
						"Target": "Parameter",
						"Id": "Param_Angle_Rotation_5_ArtMesh56"
					},
					"VertexIndex": 5,
					"Scale": 30,
					"Weight": 100,
					"Type": "Angle",
					"Reflect": false
				},
				{
					"Destination": {
						"Target": "Parameter",
						"Id": "Param_Angle_Rotation_6_ArtMesh56"
					},
					"VertexIndex": 6,
					"Scale": 30,
					"Weight": 100,
					"Type": "Angle",
					"Reflect": false
				},
				{
					"Destination": {
						"Target": "Parameter",
						"Id": "Param_Angle_Rotation_7_ArtMesh56"
					},
					"VertexIndex": 7,
					"Scale": 30,
					"Weight": 100,
					"Type": "Angle",
					"Reflect": false
				},
				{
					"Destination": {
						"Target": "Parameter",
						"Id": "Param_Angle_Rotation_8_ArtMesh56"
					},
					"VertexIndex": 8,
					"Scale": 30,
					"Weight": 100,
					"Type": "Angle",
					"Reflect": false
				},
				{
					"Destination": {
						"Target": "Parameter",
						"Id": "Param_Angle_Rotation_9_ArtMesh56"
					},
					"VertexIndex": 9,
					"Scale": 30,
					"Weight": 100,
					"Type": "Angle",
					"Reflect": false
				}
			],
			"Vertices": [
				{
					"Position": {
						"X": 0,
						"Y": 0
					},
					"Mobility": 0.88,
					"Delay": 1,
					"Acceleration": 0.75,
					"Radius": 0
				},
				{
					"Position": {
						"X": 0,
						"Y": 10
					},
					"Mobility": 0.88,
					"Delay": 0.85,
					"Acceleration": 0.75,
					"Radius": 10
				},
				{
					"Position": {
						"X": 0,
						"Y": 20
					},
					"Mobility": 0.88,
					"Delay": 0.85,
					"Acceleration": 0.75,
					"Radius": 10
				},
				{
					"Position": {
						"X": 0,
						"Y": 30
					},
					"Mobility": 0.88,
					"Delay": 0.85,
					"Acceleration": 0.75,
					"Radius": 10
				},
				{
					"Position": {
						"X": 0,
						"Y": 40
					},
					"Mobility": 0.88,
					"Delay": 0.85,
					"Acceleration": 0.75,
					"Radius": 10
				},
				{
					"Position": {
						"X": 0,
						"Y": 50
					},
					"Mobility": 0.88,
					"Delay": 0.85,
					"Acceleration": 0.75,
					"Radius": 10
				},
				{
					"Position": {
						"X": 0,
						"Y": 60
					},
					"Mobility": 0.88,
					"Delay": 0.85,
					"Acceleration": 0.75,
					"Radius": 10
				},
				{
					"Position": {
						"X": 0,
						"Y": 70
					},
					"Mobility": 0.88,
					"Delay": 0.85,
					"Acceleration": 0.75,
					"Radius": 10
				},
				{
					"Position": {
						"X": 0,
						"Y": 80
					},
					"Mobility": 0.88,
					"Delay": 0.85,
					"Acceleration": 0.75,
					"Radius": 10
				},
				{
					"Position": {
						"X": 0,
						"Y": 90
					},
					"Mobility": 0.88,
					"Delay": 0.85,
					"Acceleration": 0.75,
					"Radius": 10
				},
				{
					"Position": {
						"X": 0,
						"Y": 100
					},
					"Mobility": 0.88,
					"Delay": 0.85,
					"Acceleration": 0.75,
					"Radius": 10
				}
			],
			"Normalization": {
				"Position": {
					"Minimum": -10,
					"Default": 0,
					"Maximum": 10
				},
				"Angle": {
					"Minimum": -10,
					"Default": 0,
					"Maximum": 10
				}
			}
		},
		{
			"Id": "PhysicsSetting8",
			"Input": [
				{
					"Source": {
						"Target": "Parameter",
						"Id": "ParamAngleX"
					},
					"Weight": 60,
					"Type": "X",
					"Reflect": false
				},
				{
					"Source": {
						"Target": "Parameter",
						"Id": "ParamAngleZ"
					},
					"Weight": 60,
					"Type": "Angle",
					"Reflect": false
				},
				{
					"Source": {
						"Target": "Parameter",
						"Id": "ParamBreath"
					},
					"Weight": 15,
					"Type": "Angle",
					"Reflect": false
				}
			],
			"Output": [
				{
					"Destination": {
						"Target": "Parameter",
						"Id": "Param_Angle_Rotation_1_ArtMesh53"
					},
					"VertexIndex": 1,
					"Scale": 20,
					"Weight": 100,
					"Type": "Angle",
					"Reflect": false
				},
				{
					"Destination": {
						"Target": "Parameter",
						"Id": "Param_Angle_Rotation_2_ArtMesh53"
					},
					"VertexIndex": 2,
					"Scale": 20,
					"Weight": 100,
					"Type": "Angle",
					"Reflect": false
				},
				{
					"Destination": {
						"Target": "Parameter",
						"Id": "Param_Angle_Rotation_3_ArtMesh53"
					},
					"VertexIndex": 3,
					"Scale": 20,
					"Weight": 100,
					"Type": "Angle",
					"Reflect": false
				},
				{
					"Destination": {
						"Target": "Parameter",
						"Id": "Param_Angle_Rotation_4_ArtMesh53"
					},
					"VertexIndex": 4,
					"Scale": 20,
					"Weight": 100,
					"Type": "Angle",
					"Reflect": false
				},
				{
					"Destination": {
						"Target": "Parameter",
						"Id": "Param_Angle_Rotation_5_ArtMesh53"
					},
					"VertexIndex": 2,
					"Scale": 20,
					"Weight": 100,
					"Type": "Angle",
					"Reflect": false
				},
				{
					"Destination": {
						"Target": "Parameter",
						"Id": "Param13"
					},
					"VertexIndex": 2,
					"Scale": 80,
					"Weight": 100,
					"Type": "Angle",
					"Reflect": false
				},
				{
					"Destination": {
						"Target": "Parameter",
						"Id": "Param12"
					},
					"VertexIndex": 1,
					"Scale": 80,
					"Weight": 100,
					"Type": "Angle",
					"Reflect": false
				}
			],
			"Vertices": [
				{
					"Position": {
						"X": 0,
						"Y": 0
					},
					"Mobility": 1,
					"Delay": 0.9,
					"Acceleration": 0.9,
					"Radius": 0
				},
				{
					"Position": {
						"X": 0,
						"Y": 10
					},
					"Mobility": 0.95,
					"Delay": 0.9,
					"Acceleration": 0.9,
					"Radius": 10
				},
				{
					"Position": {
						"X": 0,
						"Y": 20
					},
					"Mobility": 0.95,
					"Delay": 0.9,
					"Acceleration": 0.9,
					"Radius": 10
				},
				{
					"Position": {
						"X": 0,
						"Y": 30
					},
					"Mobility": 0.95,
					"Delay": 0.9,
					"Acceleration": 0.9,
					"Radius": 10
				},
				{
					"Position": {
						"X": 0,
						"Y": 40
					},
					"Mobility": 0.95,
					"Delay": 0.9,
					"Acceleration": 0.9,
					"Radius": 10
				},
				{
					"Position": {
						"X": 0,
						"Y": 50
					},
					"Mobility": 0.95,
					"Delay": 0.9,
					"Acceleration": 0.9,
					"Radius": 10
				}
			],
			"Normalization": {
				"Position": {
					"Minimum": -10,
					"Default": 0,
					"Maximum": 10
				},
				"Angle": {
					"Minimum": -10,
					"Default": 0,
					"Maximum": 10
				}
			}
		}
	]
}